Month,Sales
Jan-20,54.99
Feb-20,52.98
Mar-20,54.14
Apr-20,57.15
May-20,55.23
Jun-20,54.65
Jul-20,54.7
Aug-20,48.67
Sep-20,44.45
Oct-20,49.07
Nov-20,52.31
Dec-20,56.73
Jan-21,59.57
Feb-21,54.51
Mar-21,54.48
Apr-21,58.06
May-21,58.75
Jun-21,60.83
Jul-21,54.81
Aug-21,49.4
Sep-21,53.41
Oct-21,52.62
Nov-21,58.46
Dec-21,59.9
Jan-22,63.08
Feb-22,63.65
Mar-22,60.71
Apr-22,65.02
May-22,64.66
Jun-22,64.7
Jul-22,60.51
Aug-22,61.01
Sep-22,55.53
Oct-22,56.04
Nov-22,65.05
Dec-22,65.39
Jan-23,69.67
Feb-23,64.59
Mar-23,65.45
Apr-23,69.75
May-23,72.43
Jun-23,70.72
Jul-23,66.57
Aug-23,61.79
Sep-23,57.69
Oct-23,61.8
Nov-23,67.57
Dec-23,75.03
Jan-24,75.03
Feb-24,70.07
Mar-24,73.83
Apr-24,73.67
May-24,74.68
Jun-24,76.68
Jul-24,73.94
Aug-24,69.34
Sep-24,64.05
Oct-24,67.7
Nov-24,74.24
Dec-24,79.95
